"Registry","ValueName","ValueData"
"HKCU:\Software\Microsoft\Windows\CurrentVersion\Run","AIOS_C_Disk_Watchdog","""C:\Users\xinzh\AppData\Local\uv\cache\archive-v0\unv6ZJpXYLxIUwF4\Scripts\pythonw.exe"" ""D:\AIOS\aios_tools\_aios_c_disk_watchdog.py"" --loop 30 > ""D:\AIOS\aios_tools\_aios_c_disk_watchdog.log"" 2>&1"
"HKCU:\Software\Microsoft\Windows\CurrentVersion\Run","AIOS_Relink_On_Startup","""C:\Users\xinzh\AppData\Local\uv\cache\archive-v0\unv6ZJpXYLxIUwF4\Scripts\pythonw.exe"" ""D:\AIOS\aios_tools\_aios_relink_on_startup.ps1"""
"HKCU:\Software\Microsoft\Windows\CurrentVersion\Run","ClashVergeBoot","""D:\1\Clash Verge\clash-verge.exe"""
"HKCU:\Software\Microsoft\Windows\CurrentVersion\Run","OneDrive","""C:\Users\xinzh\AppData\Local\Microsoft\OneDrive\OneDrive.exe"" /background"
"HKCU:\Software\Microsoft\Windows\CurrentVersion\Run","WorkBuddy.WorkBuddy","D:\Desktop\WorkBuddy\WorkBuddy.exe"
"HKCU:\Software\Microsoft\Windows\CurrentVersion\Run","GoogleUpdaterTaskUser156.0.8067.0","""C:\Users\xinzh\AppData\Local\Google\GoogleUpdater\156.0.8067.0\updater.exe"" --wake"
"HKCU:\Software\Microsoft\Windows\CurrentVersion\Run","MicrosoftEdgeAutoLaunch_E27CB86D1ACBFCA0D076515BEF19A074","""C:\Program Files (x86)\Microsoft\Edge\Application\msedge.exe"" --no-startup-window --win-session-start"
"HKLM:\Software\Microsoft\Windows\CurrentVersion\Run","SecurityHealth","C:\WINDOWS\system32\SecurityHealthSystray.exe"
"HKLM:\Software\Microsoft\Windows\CurrentVersion\Run","RTHDVCPL","""C:\Program Files\Realtek\Audio\HDA\RAVCpl64.exe"" -s"
"HKLM:\Software\WOW6432Node\Microsoft\Windows\CurrentVersion\Run","WDDiscovery","C:\Program Files (x86)\Western Digital\Discovery\Current\WD Discovery.exe --autolaunch"
"HKLM:\Software\WOW6432Node\Microsoft\Windows\CurrentVersion\Run","DriveUtilitiesHelper","C:\Program Files (x86)\Western Digital\WD Utilities\WDDriveUtilitiesHelper.exe"
"HKCU:\Software\Microsoft\Windows\CurrentVersion\RunOnce","CleanCloudTechLogs20260914","cmd /c if exist ""D:\\CloudTech-Portable\\logs\\cloudtech.log"" del /f /q ""D:\\CloudTech-Portable\\logs\\cloudtech.log"" && if exist ""D:\\CloudTech-Portable\\logs\\gw5099.log"" del /f /q ""D:\\CloudTech-Portable\\logs\\gw5099.log"" && if exist ""D:\\CloudTech-Portable\\logs\\demo-proxy-8080.log"" del /f /q ""D:\\CloudTech-Portable\\logs\\demo-proxy-8080.log"" && if exist ""D:\\CloudTech-Portable\\logs\\flask-8765.log"" del /f /q ""D:\\CloudTech-Portable\\logs\\flask-8765.log"""
