"TimeCreated","Id","Snippet"
"2026/9/28 15:47:08","5858","Id = {00000000-0000-0000-0000-000000000000}；ClientMachine = DESKTOP-0JKD1FQ；用户 = DESKTOP-0JKD1FQ\xinzh；ClientProcessId = 8480；组件 = Unknown；操作 = Start IWbemServices::ExecQuery - ROOT\CIMV2 : Select DeviceID,CurrentClockSpeed,MaxClockSpeed, ExtClock From Win32_Processor
；ResultCode = 0x80041032；Possib"
"2026/9/28 15:45:07","5858","Id = {00000000-0000-0000-0000-000000000000}；ClientMachine = DESKTOP-0JKD1FQ；用户 = DESKTOP-0JKD1FQ\xinzh；ClientProcessId = 8480；组件 = Unknown；操作 = Start IWbemServices::ExecQuery - ROOT\CIMV2 : Select DeviceID,CurrentClockSpeed,MaxClockSpeed, ExtClock From Win32_Processor
；ResultCode = 0x80041032；Possib"
"2026/9/28 15:45:05","5858","Id = {00000000-0000-0000-0000-000000000000}；ClientMachine = DESKTOP-0JKD1FQ；用户 = DESKTOP-0JKD1FQ\xinzh；ClientProcessId = 8480；组件 = Unknown；操作 = Start IWbemServices::ExecQuery - ROOT\CIMV2 : Select Name From Win32_Processor；ResultCode = 0x80041032；PossibleCause = Unknown"
"2026/9/28 15:44:05","5858","Id = {00000000-0000-0000-0000-000000000000}；ClientMachine = DESKTOP-0JKD1FQ；用户 = DESKTOP-0JKD1FQ\xinzh；ClientProcessId = 8480；组件 = Unknown；操作 = Start IWbemServices::ExecQuery - ROOT\CIMV2 : Select Name From Win32_Processor；ResultCode = 0x80041032；PossibleCause = Unknown"
"2026/9/28 15:44:05","5858","Id = {00000000-0000-0000-0000-000000000000}；ClientMachine = DESKTOP-0JKD1FQ；用户 = DESKTOP-0JKD1FQ\xinzh；ClientProcessId = 8480；组件 = Unknown；操作 = Start IWbemServices::ExecQuery - ROOT\CIMV2 : Select Name From Win32_Processor；ResultCode = 0x80041032；PossibleCause = Unknown"
"2026/9/28 15:43:24","5860","命名空间 = ROOT\CIMV2；NotificationQuery = SELECT * FROM Win32_ProcessStopTrace  WHERE ProcessName='consent.exe'；用户名 = NT AUTHORITY\SYSTEM；ClientProcessID = 4972，ClientMachine = DESKTOP-0JKD1FQ；PossibleCause = Temporary"
"2026/9/28 15:43:24","5860","命名空间 = ROOT\CIMV2；NotificationQuery = SELECT * FROM Win32_ProcessStartTrace WHERE ProcessName='consent.exe'；用户名 = NT AUTHORITY\SYSTEM；ClientProcessID = 4972，ClientMachine = DESKTOP-0JKD1FQ；PossibleCause = Temporary"
"2026/9/28 15:38:38","5858","Id = {FA1B489A-4E70-0004-10AC-19FB704EDD01}；ClientMachine = DESKTOP-0JKD1FQ；用户 = DESKTOP-0JKD1FQ\xinzh；ClientProcessId = 2412；组件 = Unknown；操作 = Start IWbemServices::ExecNotificationQuery - root\cimv2 : SELECT * FROM Win32_ProcessStartTrace WHERE ProcessName='wmic.exe'；ResultCode = 0x80041032；Possibl"
"2026/9/28 15:32:39","5858","Id = {00000000-0000-0000-0000-000000000000}；ClientMachine = DESKTOP-0JKD1FQ；用户 = DESKTOP-0JKD1FQ\xinzh；ClientProcessId = 36800；组件 = Unknown；操作 = Start IWbemServices::ExecQuery - root\cimv2 : SELECT __PATH, ProcessId, CSName, Caption, SessionId, ThreadCount, WorkingSetSize, KernelModeTime, UserModeTi"
"2026/9/28 15:12:39","5858","Id = {00000000-0000-0000-0000-000000000000}；ClientMachine = DESKTOP-0JKD1FQ；用户 = DESKTOP-0JKD1FQ\xinzh；ClientProcessId = 12060；组件 = Unknown；操作 = Start IWbemServices::ExecQuery - ROOT\CIMV2 : SELECT Family,VirtualizationFirmwareEnabled FROM Win32_Processor；ResultCode = 0x80041032；PossibleCause = Unkn"
"2026/9/28 11:42:25","5858","Id = {FA1B489A-4E70-0000-3521-3AFA704EDD01}；ClientMachine = DESKTOP-0JKD1FQ；用户 = DESKTOP-0JKD1FQ\xinzh；ClientProcessId = 18120；组件 = Unknown；操作 = Start IWbemServices::ExecQuery - root\cimv2 : select * from Win32_Process；ResultCode = 0x80041032；PossibleCause = Unknown"
"2026/9/28 11:42:11","5858","Id = {FA1B489A-4E70-0009-0759-28FA704EDD01}；ClientMachine = DESKTOP-0JKD1FQ；用户 = DESKTOP-0JKD1FQ\xinzh；ClientProcessId = 20632；组件 = Unknown；操作 = Start IWbemServices::ExecQuery - root\cimv2 : select * from Win32_Process where Name = powershell.exe OR Name = pwsh.exe OR Name = cmd.exe OR Name = winsw."
"2026/9/28 11:42:10","5858","Id = {FA1B489A-4E70-0002-12AF-2FFA704EDD01}；ClientMachine = DESKTOP-0JKD1FQ；用户 = DESKTOP-0JKD1FQ\xinzh；ClientProcessId = 3880；组件 = Unknown；操作 = Start IWbemServices::ExecQuery - root\cimv2 : select * from Win32_Process where Name = conhost.exe；ResultCode = 0x80041017；PossibleCause = Unknown"
"2026/9/28 11:41:54","5858","Id = {FA1B489A-4E70-0005-AF15-43FA704EDD01}；ClientMachine = DESKTOP-0JKD1FQ；用户 = DESKTOP-0JKD1FQ\xinzh；ClientProcessId = 32892；组件 = Unknown；操作 = Start IWbemServices::ExecQuery - root\cimv2 : SELECT * FROM Win32_Process WHERE Name = powershell.exe OR Name = pwsh.exe OR Name = cmd.exe；ResultCode = 0x8"
"2026/9/28 11:41:53","5858","Id = {FA1B489A-4E70-0002-89AE-2FFA704EDD01}；ClientMachine = DESKTOP-0JKD1FQ；用户 = DESKTOP-0JKD1FQ\xinzh；ClientProcessId = 28976；组件 = Unknown；操作 = Start IWbemServices::ExecQuery - root\cimv2 : SELECT * FROM Win32_Process WHERE Name = conhost.exe；ResultCode = 0x80041017；PossibleCause = Unknown"
"2026/9/28 9:56:23","5858","Id = {00000000-0000-0000-0000-000000000000}；ClientMachine = DESKTOP-0JKD1FQ；用户 = DESKTOP-0JKD1FQ\xinzh；ClientProcessId = 3884；组件 = Unknown；操作 = Start IWbemServices::ExecQuery - ROOT\CIMV2 : SELECT Family,VirtualizationFirmwareEnabled FROM Win32_Processor；ResultCode = 0x80041032；PossibleCause = Unkno"
"2026/9/28 0:14:14","5858","Id = {FA1B489A-4E70-0006-D622-2DFA704EDD01}；ClientMachine = DESKTOP-0JKD1FQ；用户 = DESKTOP-0JKD1FQ\xinzh；ClientProcessId = 26704；组件 = Core；操作 = Start IWbemServices::ExecQuery - root\cimv2 : SELECT * FROM Win32_Process WHERE ProcessId = 21200；ResultCode = 0x800706BA；PossibleCause = Could not send statu"
"2026/9/28 0:06:01","5858","Id = {00000000-0000-0000-0000-000000000000}；ClientMachine = DESKTOP-0JKD1FQ；用户 = DESKTOP-0JKD1FQ\xinzh；ClientProcessId = 24492；组件 = Unknown；操作 = Start IWbemServices::ExecQuery - ROOT\CIMV2 : SELECT CommandLine FROM Win32_Process WHERE ProcessId=20776；ResultCode = 0x80041006；PossibleCause = Unknown"
"2026/9/27 20:19:51","5858","Id = {FA1B489A-4E70-0004-BCAF-21FA704EDD01}；ClientMachine = DESKTOP-0JKD1FQ；用户 = DESKTOP-0JKD1FQ\xinzh；ClientProcessId = 27756；组件 = Unknown；操作 = Start IWbemServices::ExecQuery - root\cimv2 : SELECT * FROM Win32_Process WHERE ProcessId = ；ResultCode = 0x80041017；PossibleCause = Unknown"
"2026/9/27 20:19:51","5858","Id = {FA1B489A-4E70-0004-BBAF-21FA704EDD01}；ClientMachine = DESKTOP-0JKD1FQ；用户 = DESKTOP-0JKD1FQ\xinzh；ClientProcessId = 27756；组件 = Unknown；操作 = Start IWbemServices::ExecQuery - root\cimv2 : SELECT * FROM Win32_Process WHERE ProcessId = ；ResultCode = 0x80041017；PossibleCause = Unknown"
"2026/9/27 20:19:51","5858","Id = {FA1B489A-4E70-0004-BAAF-21FA704EDD01}；ClientMachine = DESKTOP-0JKD1FQ；用户 = DESKTOP-0JKD1FQ\xinzh；ClientProcessId = 27756；组件 = Unknown；操作 = Start IWbemServices::ExecQuery - root\cimv2 : SELECT * FROM Win32_Process WHERE ProcessId = ；ResultCode = 0x80041017；PossibleCause = Unknown"
"2026/9/27 20:19:51","5858","Id = {FA1B489A-4E70-0002-F76D-1CFA704EDD01}；ClientMachine = DESKTOP-0JKD1FQ；用户 = DESKTOP-0JKD1FQ\xinzh；ClientProcessId = 27756；组件 = Unknown；操作 = Start IWbemServices::ExecQuery - root\cimv2 : SELECT * FROM Win32_Process WHERE ProcessId = ；ResultCode = 0x80041017；PossibleCause = Unknown"
"2026/9/27 20:19:51","5858","Id = {FA1B489A-4E70-0004-B9AF-21FA704EDD01}；ClientMachine = DESKTOP-0JKD1FQ；用户 = DESKTOP-0JKD1FQ\xinzh；ClientProcessId = 27756；组件 = Unknown；操作 = Start IWbemServices::ExecQuery - root\cimv2 : SELECT * FROM Win32_Process WHERE ProcessId = ；ResultCode = 0x80041017；PossibleCause = Unknown"
"2026/9/27 20:19:51","5858","Id = {FA1B489A-4E70-0004-B8AF-21FA704EDD01}；ClientMachine = DESKTOP-0JKD1FQ；用户 = DESKTOP-0JKD1FQ\xinzh；ClientProcessId = 27756；组件 = Unknown；操作 = Start IWbemServices::ExecQuery - root\cimv2 : SELECT * FROM Win32_Process WHERE ProcessId = ；ResultCode = 0x80041017；PossibleCause = Unknown"
"2026/9/27 20:19:51","5858","Id = {FA1B489A-4E70-0007-A3CF-1CFA704EDD01}；ClientMachine = DESKTOP-0JKD1FQ；用户 = DESKTOP-0JKD1FQ\xinzh；ClientProcessId = 27756；组件 = Unknown；操作 = Start IWbemServices::ExecQuery - root\cimv2 : SELECT * FROM Win32_Process WHERE ProcessId = ；ResultCode = 0x80041017；PossibleCause = Unknown"
"2026/9/27 20:19:51","5858","Id = {FA1B489A-4E70-0007-A2CF-1CFA704EDD01}；ClientMachine = DESKTOP-0JKD1FQ；用户 = DESKTOP-0JKD1FQ\xinzh；ClientProcessId = 27756；组件 = Unknown；操作 = Start IWbemServices::ExecQuery - root\cimv2 : SELECT * FROM Win32_Process WHERE ProcessId = ；ResultCode = 0x80041017；PossibleCause = Unknown"
"2026/9/27 20:19:51","5858","Id = {FA1B489A-4E70-0005-2235-1DFA704EDD01}；ClientMachine = DESKTOP-0JKD1FQ；用户 = DESKTOP-0JKD1FQ\xinzh；ClientProcessId = 27756；组件 = Unknown；操作 = Start IWbemServices::ExecQuery - root\cimv2 : SELECT * FROM Win32_Process WHERE ProcessId = ；ResultCode = 0x80041017；PossibleCause = Unknown"
"2026/9/27 19:16:36","5858","Id = {00000000-0000-0000-0000-000000000000}；ClientMachine = DESKTOP-0JKD1FQ；用户 = DESKTOP-0JKD1FQ\xinzh；ClientProcessId = 27156；组件 = Unknown；操作 = Start IWbemServices::ExecQuery - ROOT\CIMV2 : SELECT Family,VirtualizationFirmwareEnabled FROM Win32_Processor；ResultCode = 0x80041032；PossibleCause = Unkn"
"2026/9/27 19:13:12","5858","Id = {00000000-0000-0000-0000-000000000000}；ClientMachine = DESKTOP-0JKD1FQ；用户 = DESKTOP-0JKD1FQ\xinzh；ClientProcessId = 9896；组件 = Unknown；操作 = Start IWbemServices::ExecQuery - ROOT\CIMV2 : SELECT Family,VirtualizationFirmwareEnabled FROM Win32_Processor；ResultCode = 0x80041032；PossibleCause = Unkno"
"2026/9/27 19:13:10","5858","Id = {00000000-0000-0000-0000-000000000000}；ClientMachine = DESKTOP-0JKD1FQ；用户 = DESKTOP-0JKD1FQ\xinzh；ClientProcessId = 9412；组件 = Unknown；操作 = Start IWbemServices::ExecQuery - ROOT\CIMV2 : Select DeviceID,CurrentClockSpeed,MaxClockSpeed, ExtClock From Win32_Processor
；ResultCode = 0x80041032；Possib"
