"TimeCreated","Snippet"
"2026/9/28 15:56:15","CommandInvocation(Add-Type):“Add-Type”
ParameterBinding(Add-Type): 名称 =“AssemblyName”；值 =“Microsoft.VisualBasic”
CommandInvocation(Out-Null):“Out-Null”


上下文:
        严重性 = Informational
        主机名 = ConsoleHost
        主机版本 = 5.1.19041.6456
        主机 ID = 58641dcd-7ba0-4634-9e5a-9ae9f67da760
        主机应用程序 =C:\WINDOWS\System32\WindowsPowerShell\v1.0\powershell.EXE -NoProfile -NonInter"
"2026/9/28 15:55:13","CommandInvocation(Add-Type):“Add-Type”
ParameterBinding(Add-Type): 名称 =“AssemblyName”；值 =“Microsoft.VisualBasic”
CommandInvocation(Out-Null):“Out-Null”


上下文:
        严重性 = Informational
        主机名 = ConsoleHost
        主机版本 = 5.1.19041.6456
        主机 ID = 19b43d50-9cdd-4666-a330-f9f59f10799f
        主机应用程序 =C:\WINDOWS\System32\WindowsPowerShell\v1.0\powershell.EXE -NoProfile -NonInter"
"2026/9/28 15:54:27","CommandInvocation(Add-Type):“Add-Type”
ParameterBinding(Add-Type): 名称 =“AssemblyName”；值 =“Microsoft.VisualBasic”
CommandInvocation(Out-Null):“Out-Null”


上下文:
        严重性 = Informational
        主机名 = ConsoleHost
        主机版本 = 5.1.19041.6456
        主机 ID = 5f27fce8-b87b-435d-9729-3f4b1084a2af
        主机应用程序 =C:\WINDOWS\System32\WindowsPowerShell\v1.0\powershell.EXE -NoProfile -NonInter"
"2026/9/28 15:52:06","CommandInvocation(Add-Type):“Add-Type”
ParameterBinding(Add-Type): 名称 =“AssemblyName”；值 =“Microsoft.VisualBasic”
CommandInvocation(Out-Null):“Out-Null”


上下文:
        严重性 = Informational
        主机名 = ConsoleHost
        主机版本 = 5.1.19041.6456
        主机 ID = d43f78c4-02e2-49e1-95f1-41c757f6d4eb
        主机应用程序 =C:\WINDOWS\System32\WindowsPowerShell\v1.0\powershell.EXE -NoProfile -NonInter"
"2026/9/28 15:51:18","CommandInvocation(Add-Type):“Add-Type”
ParameterBinding(Add-Type): 名称 =“AssemblyName”；值 =“Microsoft.VisualBasic”
CommandInvocation(Out-Null):“Out-Null”


上下文:
        严重性 = Informational
        主机名 = ConsoleHost
        主机版本 = 5.1.19041.6456
        主机 ID = 894e6fa4-ed98-4ba4-a8bf-e29011bf1fde
        主机应用程序 =C:\WINDOWS\System32\WindowsPowerShell\v1.0\powershell.EXE -NoProfile -NonInter"
"2026/9/28 15:50:28","CommandInvocation(Add-Type):“Add-Type”
ParameterBinding(Add-Type): 名称 =“AssemblyName”；值 =“Microsoft.VisualBasic”
CommandInvocation(Out-Null):“Out-Null”


上下文:
        严重性 = Informational
        主机名 = ConsoleHost
        主机版本 = 5.1.19041.6456
        主机 ID = e4692647-de8d-459e-9b6f-0cdeb25d3beb
        主机应用程序 =C:\WINDOWS\System32\WindowsPowerShell\v1.0\powershell.EXE -NoProfile -NonInter"
"2026/9/28 15:48:41","CommandInvocation(Add-Type):“Add-Type”
ParameterBinding(Add-Type): 名称 =“AssemblyName”；值 =“Microsoft.VisualBasic”
CommandInvocation(Out-Null):“Out-Null”


上下文:
        严重性 = Informational
        主机名 = ConsoleHost
        主机版本 = 5.1.19041.6456
        主机 ID = 58d67f32-fee5-4f0e-9e0e-546df5d38701
        主机应用程序 =C:\WINDOWS\System32\WindowsPowerShell\v1.0\powershell.EXE -NoProfile -NonInter"
